<?xml version="1.0" encoding="UTF-8"?><?xml-stylesheet type='text/xsl' href='_UpgradeReport_Files/UpgradeReport.xslt'?><UpgradeLog>
<Properties><Property Name="Solution" Value="WindowsFormsApplication2">
</Property><Property Name="Solution File" Value="D:\jas\Vikram-Svelte\Data\Data\WindowsFormsApplication2\WindowsFormsApplication2.sln">
</Property><Property Name="Date" Value="Sunday, January 31, 2016">
</Property><Property Name="Time" Value="1:30 AM">
</Property></Properties><Event ErrorLevel="0" Project="" Source="WindowsFormsApplication2.sln" Description="File successfully backed up as D:\jas\Vikram-Svelte\Data\Data\WindowsFormsApplication2\Backup\WindowsFormsApplication2.sln">
</Event><Event ErrorLevel="0" Project="WindowsFormsApplication2" Source="WindowsFormsApplication2.csproj" Description="Project file successfully backed up as D:\jas\Vikram-Svelte\Data\Data\WindowsFormsApplication2\Backup\WindowsFormsApplication2.csproj">
</Event><Event ErrorLevel="0" Project="WindowsFormsApplication2" Source="Form1.cs" Description="File successfully backed up as D:\jas\Vikram-Svelte\Data\Data\WindowsFormsApplication2\Backup\Form1.cs">
</Event><Event ErrorLevel="0" Project="WindowsFormsApplication2" Source="Program.cs" Description="File successfully backed up as D:\jas\Vikram-Svelte\Data\Data\WindowsFormsApplication2\Backup\Program.cs">
</Event><Event ErrorLevel="0" Project="WindowsFormsApplication2" Source="Properties\Resources.cs" Description="File successfully backed up as D:\jas\Vikram-Svelte\Data\Data\WindowsFormsApplication2\Backup\Properties\Resources.cs">
</Event><Event ErrorLevel="0" Project="WindowsFormsApplication2" Source="Properties\Settings.cs" Description="File successfully backed up as D:\jas\Vikram-Svelte\Data\Data\WindowsFormsApplication2\Backup\Properties\Settings.cs">
</Event><Event ErrorLevel="0" Project="WindowsFormsApplication2" Source="AssemblyInfo.cs" Description="File successfully backed up as D:\jas\Vikram-Svelte\Data\Data\WindowsFormsApplication2\Backup\AssemblyInfo.cs">
</Event><Event ErrorLevel="0" Project="WindowsFormsApplication2" Source="Form1.resx" Description="File successfully backed up as D:\jas\Vikram-Svelte\Data\Data\WindowsFormsApplication2\Backup\Form1.resx">
</Event><Event ErrorLevel="0" Project="WindowsFormsApplication2" Source="Properties\Resources.resx" Description="File successfully backed up as D:\jas\Vikram-Svelte\Data\Data\WindowsFormsApplication2\Backup\Properties\Resources.resx">
</Event><Event ErrorLevel="0" Project="WindowsFormsApplication2" Source="WindowsFormsApplication2.csproj" Description="Project converted successfully">
</Event><Event ErrorLevel="3" Project="WindowsFormsApplication2" Source="WindowsFormsApplication2.csproj" Description="Converted">
</Event><Event ErrorLevel="0" Project="" Source="WindowsFormsApplication2.sln" Description="Solution converted successfully">
</Event><Event ErrorLevel="3" Project="" Source="WindowsFormsApplication2.sln" Description="Converted">
</Event><Event ErrorLevel="0" Project="WindowsFormsApplication2" Source="WindowsFormsApplication2.csproj" Description="Scan complete: Upgrade not required for project files.">
</Event></UpgradeLog>